<?xml version="1.0" encoding="UTF-8"?>
<beans xmlns="http://www.springframework.org/schema/beans"
	   xmlns:xsi="http://www.w3.org/2001/XMLSchema-instance"
	   xmlns:context="http://www.springframework.org/schema/context"
	   xmlns:mvc="http://www.springframework.org/schema/mvc"
	   xsi:schemaLocation="
           http://www.springframework.org/schema/beans https://www.springframework.org/schema/beans/spring-beans.xsd
           http://www.springframework.org/schema/context https://www.springframework.org/schema/context/spring-context.xsd
           http://www.springframework.org/schema/mvc https://www.springframework.org/schema/mvc/spring-mvc.xsd">

	<!-- DispatcherServlet Context: defines this servlet's request-processing infrastructure -->
	 
	<!-- Enable Spring MVC Annotations -->
	<mvc:annotation-driven/>
	<mvc:resources mapping="/resources/**" location="/resources/" />
	<!-- Scan for Controller beans -->
	<context:component-scan base-package="com.jmt.demo.controller"/>
	
	
	<!-- View Resolver Configuration -->
	<bean class="org.springframework.web.servlet.view.InternalResourceViewResolver">
		<property name="prefix" value="/WEB-INF/views/"/>
		<property name="suffix" value=".jsp"/>
		
	</bean>

	<bean id="hiddenHttpMethodFilter" class="org.springframework.web.filter.HiddenHttpMethodFilter" />
</beans>

