<?xml version="1.0" encoding="UTF-8"?>
<beans xmlns="http://www.springframework.org/schema/beans"
	   xmlns:xsi="http://www.w3.org/2001/XMLSchema-instance"
	   xmlns:context="http://www.springframework.org/schema/context"
	   xsi:schemaLocation="
           http://www.springframework.org/schema/beans https://www.springframework.org/schema/beans/spring-beans.xsd
           http://www.springframework.org/schema/context https://www.springframework.org/schema/context/spring-context.xsd">

	<!-- Root Context: defines shared resources visible to all other web components -->

	<!-- Property Placeholder Configuration -->
	<context:property-placeholder location="classpath:jdbc.properties"/>

	<!-- Data Source Configuration -->
	<bean id="dataSource" class="org.springframework.jdbc.datasource.DriverManagerDataSource">
		<property name="driverClassName" value="${jdbc.driverClassName}"/>
		<property name="url" value="${jdbc.url}"/>
		<property name="username" value="${jdbc.username}"/>
		<property name="password" value="${jdbc.password}"/>
	</bean>

	<!-- JdbcTemplate Bean -->
	<bean id="jdbcTemplate" class="org.springframework.jdbc.core.JdbcTemplate">
		<property name="dataSource" ref="dataSource"/>
	</bean>

	<!-- Component Scan Configuration -->
	<context:component-scan base-package="com.jmt"/>
</beans>